https://www.google.com/search?ei=9vImXZvBEYzSa7DNqcAI&q=MessageBird&oq=MessageBird,200
https://messagebird.com/en/#,403
https://github.com/yandex/ClickHouse/blob/master/dbms/programs/server/users.xml,301
http://www.google.com,200
https://www.google.com/search?ei=9vImXZvBEYzSa7DNqcAI&q=MessageBird&oq=MessageBird,200
https://messagebird.com/en/#,403
https://github.com/yandex/ClickHouse/blob/master/dbms/programs/server/users.xml,301
http://www.google.com,200
https://www.google.com/search?ei=9vImXZvBEYzSa7DNqcAI&q=MessageBird&oq=MessageBird,200
https://messagebird.com/en/#,403
https://github.com/yandex/ClickHouse/blob/master/dbms/programs/server/users.xml,301
http://www.google.com,200
https://www.google.com/search?ei=9vImXZvBEYzSa7DNqcAI&q=MessageBird&oq=MessageBird,200
https://messagebird.com/en/#,403
https://github.com/yandex/ClickHouse/blob/master/dbms/programs/server/users.xml,301
http://www.google.com,200
